-- phpMyAdmin SQL Dump
-- version 5.2.1
-- https://www.phpmyadmin.net/
--
-- Host: 127.0.0.1:3306
-- Generation Time: Feb 06, 2024 at 12:19 PM
-- Server version: 8.2.0
-- PHP Version: 7.4.33

SET SQL_MODE = "NO_AUTO_VALUE_ON_ZERO";
START TRANSACTION;
SET time_zone = "+00:00";


/*!40101 SET @OLD_CHARACTER_SET_CLIENT=@@CHARACTER_SET_CLIENT */;
/*!40101 SET @OLD_CHARACTER_SET_RESULTS=@@CHARACTER_SET_RESULTS */;
/*!40101 SET @OLD_COLLATION_CONNECTION=@@COLLATION_CONNECTION */;
/*!40101 SET NAMES utf8mb4 */;

--
-- Database: `sports_players`
--

-- --------------------------------------------------------

--
-- Table structure for table `players`
--

DROP TABLE IF EXISTS `players`;
CREATE TABLE IF NOT EXISTS `players` (
  `id` int NOT NULL AUTO_INCREMENT,
  `name` varchar(50) NOT NULL,
  `gender` tinyint NOT NULL,
  `image_url` varchar(500) NOT NULL,
  `created_at` timestamp NOT NULL,
  `updated_at` timestamp NOT NULL,
  PRIMARY KEY (`id`)
) ENGINE=MyISAM AUTO_INCREMENT=55 DEFAULT CHARSET=utf8mb4 COLLATE=utf8mb4_0900_ai_ci;

--
-- Dumping data for table `players`
--

INSERT INTO `players` (`id`, `name`, `gender`, `image_url`, `created_at`, `updated_at`) VALUES
(1, 'Aatrox', 0, 'https://ddragon.leagueoflegends.com/cdn/11.2.1/img/champion/Aatrox.png', '2024-02-05 16:41:46', '2024-02-05 16:41:46'),
(2, 'Ahri', 1, 'https://ddragon.leagueoflegends.com/cdn/11.2.1/img/champion/Ahri.png', '2024-02-05 16:41:46', '2024-02-05 16:41:46'),
(3, 'Akali', 1, 'https://ddragon.leagueoflegends.com/cdn/11.2.1/img/champion/Akali.png', '2024-02-05 16:41:46', '2024-02-05 16:41:46'),
(4, 'Annie', 1, 'https://ddragon.leagueoflegends.com/cdn/11.2.1/img/champion/Annie.png', '2024-02-05 16:41:46', '2024-02-05 16:41:46'),
(5, 'Ashe', 1, 'https://ddragon.leagueoflegends.com/cdn/11.2.1/img/champion/Ashe.png', '2024-02-05 16:41:46', '2024-02-05 16:41:46'),
(6, 'Blitzcrank', 0, 'https://ddragon.leagueoflegends.com/cdn/11.2.1/img/champion/Blitzcrank.png', '2024-02-05 16:41:46', '2024-02-05 16:41:46'),
(7, 'Caitlyn', 1, 'https://ddragon.leagueoflegends.com/cdn/11.2.1/img/champion/Caitlyn.png', '2024-02-05 16:41:46', '2024-02-05 16:41:46'),
(8, 'Camille', 1, 'https://ddragon.leagueoflegends.com/cdn/11.2.1/img/champion/Camille.png', '2024-02-06 11:37:00', '2024-02-06 11:37:00'),
(9, 'Darius', 0, 'https://ddragon.leagueoflegends.com/cdn/11.2.1/img/champion/Darius.png', '2024-02-05 16:41:46', '2024-02-05 16:41:46'),
(10, 'Diana', 1, 'https://ddragon.leagueoflegends.com/cdn/11.2.1/img/champion/Diana.png', '2024-02-05 16:41:46', '2024-02-05 16:41:46'),
(11, 'Draven', 0, 'https://ddragon.leagueoflegends.com/cdn/11.2.1/img/champion/Draven.png', '2024-02-05 16:41:46', '2024-02-05 16:41:46'),
(12, 'Ekko', 0, 'https://ddragon.leagueoflegends.com/cdn/11.2.1/img/champion/Ekko.png', '2024-02-05 16:41:46', '2024-02-05 16:41:46'),
(13, 'Elise', 1, 'https://ddragon.leagueoflegends.com/cdn/11.2.1/img/champion/Elise.png', '2024-02-05 16:41:46', '2024-02-05 16:41:46'),
(14, 'Evelynn', 1, 'https://ddragon.leagueoflegends.com/cdn/11.2.1/img/champion/Evelynn.png', '2024-02-05 16:41:46', '2024-02-05 16:41:46'),
(15, 'Ezreal', 0, 'https://ddragon.leagueoflegends.com/cdn/11.2.1/img/champion/Ezreal.png', '2024-02-05 16:41:46', '2024-02-05 16:41:46'),
(16, 'Fiora', 1, 'https://ddragon.leagueoflegends.com/cdn/11.2.1/img/champion/Fiora.png', '2024-02-05 16:41:46', '2024-02-05 16:41:46'),
(17, 'Fizz', 0, 'https://ddragon.leagueoflegends.com/cdn/11.2.1/img/champion/Fizz.png', '2024-02-05 16:41:46', '2024-02-05 16:41:46'),
(18, 'Galio', 0, 'https://ddragon.leagueoflegends.com/cdn/11.2.1/img/champion/Galio.png', '2024-02-05 16:41:46', '2024-02-05 16:41:46'),
(19, 'Gangplank', 0, 'https://ddragon.leagueoflegends.com/cdn/11.2.1/img/champion/Gangplank.png', '2024-02-05 16:41:46', '2024-02-05 16:41:46'),
(20, 'Garen', 0, 'https://ddragon.leagueoflegends.com/cdn/11.2.1/img/champion/Garen.png', '2024-02-05 16:41:46', '2024-02-05 16:41:46'),
(21, 'Gnar', 0, 'https://ddragon.leagueoflegends.com/cdn/11.2.1/img/champion/Gnar.png', '2024-02-05 16:41:46', '2024-02-05 16:41:46'),
(22, 'Gragas', 0, 'https://ddragon.leagueoflegends.com/cdn/11.2.1/img/champion/Gragas.png', '2024-02-05 16:41:46', '2024-02-05 16:41:46'),
(23, 'Graves', 0, 'https://ddragon.leagueoflegends.com/cdn/11.2.1/img/champion/Graves.png', '2024-02-05 16:41:46', '2024-02-05 16:41:46'),
(24, 'Hecarim', 0, 'https://ddragon.leagueoflegends.com/cdn/11.2.1/img/champion/Hecarim.png', '2024-02-05 16:41:46', '2024-02-05 16:41:46'),
(25, 'Heimerdinger', 0, 'https://ddragon.leagueoflegends.com/cdn/11.2.1/img/champion/Heimerdinger.png', '2024-02-05 16:41:46', '2024-02-05 16:41:46'),
(26, 'Illaoi', 1, 'https://ddragon.leagueoflegends.com/cdn/11.2.1/img/champion/Illaoi.png', '2024-02-05 16:41:46', '2024-02-05 16:41:46'),
(27, 'Irelia', 1, 'https://ddragon.leagueoflegends.com/cdn/11.2.1/img/champion/Irelia.png', '2024-02-05 16:41:46', '2024-02-05 16:41:46'),
(28, 'Ivern', 0, 'https://ddragon.leagueoflegends.com/cdn/11.2.1/img/champion/Ivern.png', '2024-02-05 16:41:46', '2024-02-05 16:41:46'),
(29, 'Janna', 1, 'https://ddragon.leagueoflegends.com/cdn/11.2.1/img/champion/Janna.png', '2024-02-05 16:41:46', '2024-02-05 16:41:46'),
(30, 'Jarvan IV', 0, 'https://ddragon.leagueoflegends.com/cdn/11.2.1/img/champion/JarvanIV.png', '2024-02-05 16:41:46', '2024-02-05 16:41:46'),
(31, 'Jax', 0, 'https://ddragon.leagueoflegends.com/cdn/11.2.1/img/champion/Jax.png', '2024-02-05 16:41:46', '2024-02-05 16:41:46'),
(32, 'Jayce', 0, 'https://ddragon.leagueoflegends.com/cdn/11.2.1/img/champion/Jayce.png', '2024-02-05 16:41:46', '2024-02-05 16:41:46'),
(33, 'Jhin', 0, 'https://ddragon.leagueoflegends.com/cdn/11.2.1/img/champion/Jhin.png', '2024-02-05 16:41:46', '2024-02-05 16:41:46'),
(34, 'Jinx', 1, 'https://ddragon.leagueoflegends.com/cdn/11.2.1/img/champion/Jinx.png', '2024-02-05 16:41:46', '2024-02-05 16:41:46'),
(35, 'Kai\'Sa', 1, 'https://ddragon.leagueoflegends.com/cdn/11.2.1/img/champion/Kaisa.png', '2024-02-05 16:41:46', '2024-02-05 16:41:46'),
(36, 'Kalista', 1, 'https://ddragon.leagueoflegends.com/cdn/11.2.1/img/champion/Kalista.png', '2024-02-05 16:41:46', '2024-02-05 16:41:46'),
(37, 'Karma', 1, 'https://ddragon.leagueoflegends.com/cdn/11.2.1/img/champion/Karma.png', '2024-02-05 16:41:46', '2024-02-05 16:41:46'),
(38, 'Karthus', 0, 'https://ddragon.leagueoflegends.com/cdn/11.2.1/img/champion/Karthus.png', '2024-02-05 16:41:46', '2024-02-05 16:41:46'),
(39, 'Kassadin', 0, 'https://ddragon.leagueoflegends.com/cdn/11.2.1/img/champion/Kassadin.png', '2024-02-05 16:41:46', '2024-02-05 16:41:46'),
(40, 'Katarina', 1, 'https://ddragon.leagueoflegends.com/cdn/11.2.1/img/champion/Katarina.png', '2024-02-05 16:41:46', '2024-02-05 16:41:46'),
(41, 'Kayle', 1, 'https://ddragon.leagueoflegends.com/cdn/11.2.1/img/champion/Kayle.png', '2024-02-05 16:41:46', '2024-02-05 16:41:46'),
(42, 'Kayn', 0, 'https://ddragon.leagueoflegends.com/cdn/11.2.1/img/champion/Kayn.png', '2024-02-05 16:41:46', '2024-02-05 16:41:46'),
(43, 'Kennen', 0, 'https://ddragon.leagueoflegends.com/cdn/11.2.1/img/champion/Kennen.png', '2024-02-05 16:41:46', '2024-02-05 16:41:46'),
(44, 'Kha\'Zix', 0, 'https://ddragon.leagueoflegends.com/cdn/11.2.1/img/champion/Khazix.png', '2024-02-05 16:41:46', '2024-02-05 16:41:46'),
(45, 'Kindred', 1, 'https://ddragon.leagueoflegends.com/cdn/11.2.1/img/champion/Kindred.png', '2024-02-05 16:41:46', '2024-02-05 16:41:46'),
(46, 'Kled', 0, 'https://ddragon.leagueoflegends.com/cdn/11.2.1/img/champion/Kled.png', '2024-02-05 16:41:46', '2024-02-05 16:41:46'),
(47, 'Kog\'Maw', 0, 'https://ddragon.leagueoflegends.com/cdn/11.2.1/img/champion/KogMaw.png', '2024-02-05 16:41:46', '2024-02-05 16:41:46'),
(48, 'LeBlanc', 1, 'https://ddragon.leagueoflegends.com/cdn/11.2.1/img/champion/Leblanc.png', '2024-02-05 16:41:46', '2024-02-05 16:41:46'),
(49, 'Lee Sin', 0, 'https://ddragon.leagueoflegends.com/cdn/11.2.1/img/champion/LeeSin.png', '2024-02-05 16:41:46', '2024-02-05 16:41:46'),
(50, 'Leona', 1, 'https://ddragon.leagueoflegends.com/cdn/11.2.1/img/champion/Leona.png', '2024-02-05 16:41:46', '2024-02-05 16:41:46'),
(51, 'Lillia', 1, 'https://ddragon.leagueoflegends.com/cdn/11.2.1/img/champion/Lillia.png', '2024-02-05 16:41:46', '2024-02-05 16:41:46'),
(52, 'Lissandra', 1, 'https://ddragon.leagueoflegends.com/cdn/11.2.1/img/champion/Lissandra.png', '2024-02-05 16:41:46', '2024-02-05 16:41:46'),
(53, 'Lucian', 0, 'https://ddragon.leagueoflegends.com/cdn/11.2.1/img/champion/Lucian.png', '2024-02-05 16:41:46', '2024-02-05 16:41:46'),
(54, 'Lulu', 1, 'https://ddragon.leagueoflegends.com/cdn/11.2.1/img/champion/Lulu.png', '2024-02-05 16:41:46', '2024-02-05 16:41:46');

-- --------------------------------------------------------

--
-- Table structure for table `player_sports`
--

DROP TABLE IF EXISTS `player_sports`;
CREATE TABLE IF NOT EXISTS `player_sports` (
  `id` int NOT NULL AUTO_INCREMENT,
  `user_id` int NOT NULL,
  `sport_id` int NOT NULL,
  `created_at` datetime NOT NULL,
  `updated_at` datetime NOT NULL,
  PRIMARY KEY (`id`)
) ENGINE=MyISAM AUTO_INCREMENT=174 DEFAULT CHARSET=utf8mb4 COLLATE=utf8mb4_0900_ai_ci;

--
-- Dumping data for table `player_sports`
--

INSERT INTO `player_sports` (`id`, `user_id`, `sport_id`, `created_at`, `updated_at`) VALUES
(1, 1, 1, '2024-02-06 05:18:57', '2024-02-06 05:18:57'),
(2, 1, 2, '2024-02-06 05:18:57', '2024-02-06 05:18:57'),
(3, 1, 3, '2024-02-06 05:18:57', '2024-02-06 05:18:57'),
(4, 1, 4, '2024-02-06 05:18:57', '2024-02-06 05:18:57'),
(5, 2, 2, '2024-02-06 05:18:57', '2024-02-06 05:18:57'),
(6, 2, 3, '2024-02-06 05:18:57', '2024-02-06 05:18:57'),
(7, 2, 4, '2024-02-06 05:18:57', '2024-02-06 05:18:57'),
(8, 3, 1, '2024-02-06 05:18:57', '2024-02-06 05:18:57'),
(9, 3, 3, '2024-02-06 05:18:57', '2024-02-06 05:18:57'),
(10, 3, 4, '2024-02-06 05:18:57', '2024-02-06 05:18:57'),
(11, 3, 5, '2024-02-06 05:18:57', '2024-02-06 05:18:57'),
(12, 4, 1, '2024-02-06 05:18:57', '2024-02-06 05:18:57'),
(13, 4, 2, '2024-02-06 05:18:57', '2024-02-06 05:18:57'),
(14, 4, 4, '2024-02-06 05:18:57', '2024-02-06 05:18:57'),
(15, 4, 5, '2024-02-06 05:18:57', '2024-02-06 05:18:57'),
(16, 5, 1, '2024-02-06 05:18:57', '2024-02-06 05:18:57'),
(17, 5, 2, '2024-02-06 05:18:57', '2024-02-06 05:18:57'),
(18, 5, 3, '2024-02-06 05:18:57', '2024-02-06 05:18:57'),
(19, 6, 2, '2024-02-06 05:18:57', '2024-02-06 05:18:57'),
(20, 6, 3, '2024-02-06 05:18:57', '2024-02-06 05:18:57'),
(21, 6, 4, '2024-02-06 05:18:57', '2024-02-06 05:18:57'),
(22, 6, 5, '2024-02-06 05:18:57', '2024-02-06 05:18:57'),
(23, 7, 2, '2024-02-06 05:18:57', '2024-02-06 05:18:57'),
(24, 7, 3, '2024-02-06 05:18:57', '2024-02-06 05:18:57'),
(25, 7, 4, '2024-02-06 05:18:57', '2024-02-06 05:18:57'),
(26, 7, 5, '2024-02-06 05:18:57', '2024-02-06 05:18:57'),
(27, 8, 1, '2024-02-06 05:18:57', '2024-02-06 05:18:57'),
(28, 8, 2, '2024-02-06 05:18:57', '2024-02-06 05:18:57'),
(29, 8, 4, '2024-02-06 05:18:57', '2024-02-06 05:18:57'),
(30, 8, 5, '2024-02-06 05:18:57', '2024-02-06 05:18:57'),
(31, 9, 1, '2024-02-06 05:18:57', '2024-02-06 05:18:57'),
(32, 9, 2, '2024-02-06 05:18:57', '2024-02-06 05:18:57'),
(33, 9, 3, '2024-02-06 05:18:57', '2024-02-06 05:18:57'),
(34, 9, 4, '2024-02-06 05:18:57', '2024-02-06 05:18:57'),
(35, 9, 5, '2024-02-06 05:18:57', '2024-02-06 05:18:57'),
(36, 10, 1, '2024-02-06 05:18:57', '2024-02-06 05:18:57'),
(37, 10, 3, '2024-02-06 05:18:57', '2024-02-06 05:18:57'),
(38, 10, 4, '2024-02-06 05:18:57', '2024-02-06 05:18:57'),
(39, 10, 5, '2024-02-06 05:18:57', '2024-02-06 05:18:57'),
(40, 11, 1, '2024-02-06 05:18:57', '2024-02-06 05:18:57'),
(41, 11, 2, '2024-02-06 05:18:57', '2024-02-06 05:18:57'),
(42, 11, 4, '2024-02-06 05:18:57', '2024-02-06 05:18:57'),
(43, 11, 5, '2024-02-06 05:18:57', '2024-02-06 05:18:57'),
(44, 12, 1, '2024-02-06 05:18:57', '2024-02-06 05:18:57'),
(45, 12, 2, '2024-02-06 05:18:57', '2024-02-06 05:18:57'),
(46, 12, 3, '2024-02-06 05:18:57', '2024-02-06 05:18:57'),
(47, 13, 2, '2024-02-06 05:28:12', '2024-02-06 05:28:12'),
(48, 13, 4, '2024-02-06 05:28:12', '2024-02-06 05:28:12'),
(49, 13, 5, '2024-02-06 05:28:12', '2024-02-06 05:28:12'),
(50, 14, 4, '2024-02-06 05:28:12', '2024-02-06 05:28:12'),
(51, 14, 3, '2024-02-06 05:28:12', '2024-02-06 05:28:12'),
(52, 14, 1, '2024-02-06 05:28:12', '2024-02-06 05:28:12'),
(53, 15, 1, '2024-02-06 05:28:12', '2024-02-06 05:28:12'),
(54, 15, 2, '2024-02-06 05:28:12', '2024-02-06 05:28:12'),
(55, 15, 4, '2024-02-06 05:28:12', '2024-02-06 05:28:12'),
(56, 16, 4, '2024-02-06 05:28:12', '2024-02-06 05:28:12'),
(57, 16, 3, '2024-02-06 05:28:12', '2024-02-06 05:28:12'),
(58, 16, 1, '2024-02-06 05:28:12', '2024-02-06 05:28:12'),
(59, 17, 1, '2024-02-06 05:28:12', '2024-02-06 05:28:12'),
(60, 17, 3, '2024-02-06 05:28:12', '2024-02-06 05:28:12'),
(61, 17, 5, '2024-02-06 05:28:12', '2024-02-06 05:28:12'),
(62, 18, 3, '2024-02-06 05:28:12', '2024-02-06 05:28:12'),
(63, 18, 2, '2024-02-06 05:28:12', '2024-02-06 05:28:12'),
(64, 18, 5, '2024-02-06 05:28:12', '2024-02-06 05:28:12'),
(65, 19, 1, '2024-02-06 05:28:12', '2024-02-06 05:28:12'),
(66, 19, 4, '2024-02-06 05:28:12', '2024-02-06 05:28:12'),
(67, 19, 5, '2024-02-06 05:28:12', '2024-02-06 05:28:12'),
(68, 20, 2, '2024-02-06 05:28:12', '2024-02-06 05:28:12'),
(69, 20, 3, '2024-02-06 05:28:12', '2024-02-06 05:28:12'),
(70, 20, 5, '2024-02-06 05:28:12', '2024-02-06 05:28:12'),
(71, 21, 1, '2024-02-06 05:28:12', '2024-02-06 05:28:12'),
(72, 21, 2, '2024-02-06 05:28:12', '2024-02-06 05:28:12'),
(73, 21, 4, '2024-02-06 05:28:12', '2024-02-06 05:28:12'),
(74, 22, 3, '2024-02-06 05:28:12', '2024-02-06 05:28:12'),
(75, 22, 2, '2024-02-06 05:28:12', '2024-02-06 05:28:12'),
(76, 22, 4, '2024-02-06 05:28:12', '2024-02-06 05:28:12'),
(77, 23, 1, '2024-02-06 05:28:12', '2024-02-06 05:28:12'),
(78, 23, 3, '2024-02-06 05:28:12', '2024-02-06 05:28:12'),
(79, 23, 5, '2024-02-06 05:28:12', '2024-02-06 05:28:12'),
(80, 24, 2, '2024-02-06 05:28:12', '2024-02-06 05:28:12'),
(81, 24, 3, '2024-02-06 05:28:12', '2024-02-06 05:28:12'),
(82, 24, 5, '2024-02-06 05:28:12', '2024-02-06 05:28:12'),
(83, 25, 1, '2024-02-06 05:28:12', '2024-02-06 05:28:12'),
(84, 25, 4, '2024-02-06 05:28:12', '2024-02-06 05:28:12'),
(85, 25, 5, '2024-02-06 05:28:12', '2024-02-06 05:28:12'),
(86, 26, 1, '2024-02-06 05:28:12', '2024-02-06 05:28:12'),
(87, 26, 2, '2024-02-06 05:28:12', '2024-02-06 05:28:12'),
(88, 26, 5, '2024-02-06 05:28:12', '2024-02-06 05:28:12'),
(89, 27, 3, '2024-02-06 05:28:12', '2024-02-06 05:28:12'),
(90, 27, 4, '2024-02-06 05:28:12', '2024-02-06 05:28:12'),
(91, 27, 5, '2024-02-06 05:28:12', '2024-02-06 05:28:12'),
(92, 28, 2, '2024-02-06 05:28:12', '2024-02-06 05:28:12'),
(93, 28, 3, '2024-02-06 05:28:12', '2024-02-06 05:28:12'),
(94, 28, 5, '2024-02-06 05:28:12', '2024-02-06 05:28:12'),
(95, 29, 1, '2024-02-06 05:28:12', '2024-02-06 05:28:12'),
(96, 29, 4, '2024-02-06 05:28:12', '2024-02-06 05:28:12'),
(97, 29, 5, '2024-02-06 05:28:12', '2024-02-06 05:28:12'),
(98, 30, 2, '2024-02-06 05:28:12', '2024-02-06 05:28:12'),
(99, 30, 4, '2024-02-06 05:28:12', '2024-02-06 05:28:12'),
(100, 30, 5, '2024-02-06 05:28:12', '2024-02-06 05:28:12'),
(101, 31, 1, '2024-02-06 05:28:12', '2024-02-06 05:28:12'),
(102, 31, 2, '2024-02-06 05:28:12', '2024-02-06 05:28:12'),
(103, 31, 3, '2024-02-06 05:28:12', '2024-02-06 05:28:12'),
(104, 31, 5, '2024-02-06 05:28:12', '2024-02-06 05:28:12'),
(105, 32, 1, '2024-02-06 05:28:12', '2024-02-06 05:28:12'),
(106, 32, 3, '2024-02-06 05:28:12', '2024-02-06 05:28:12'),
(107, 32, 4, '2024-02-06 05:28:12', '2024-02-06 05:28:12'),
(108, 33, 2, '2024-02-06 05:28:12', '2024-02-06 05:28:12'),
(109, 33, 4, '2024-02-06 05:28:12', '2024-02-06 05:28:12'),
(110, 33, 5, '2024-02-06 05:28:12', '2024-02-06 05:28:12'),
(111, 34, 1, '2024-02-06 05:28:12', '2024-02-06 05:28:12'),
(112, 34, 3, '2024-02-06 05:28:12', '2024-02-06 05:28:12'),
(113, 34, 5, '2024-02-06 05:28:12', '2024-02-06 05:28:12'),
(114, 35, 2, '2024-02-06 05:28:12', '2024-02-06 05:28:12'),
(115, 35, 4, '2024-02-06 05:28:12', '2024-02-06 05:28:12'),
(116, 35, 5, '2024-02-06 05:28:12', '2024-02-06 05:28:12'),
(117, 36, 1, '2024-02-06 05:28:12', '2024-02-06 05:28:12'),
(118, 36, 3, '2024-02-06 05:28:12', '2024-02-06 05:28:12'),
(119, 36, 5, '2024-02-06 05:28:12', '2024-02-06 05:28:12'),
(120, 37, 2, '2024-02-06 05:28:12', '2024-02-06 05:28:12'),
(121, 37, 3, '2024-02-06 05:28:12', '2024-02-06 05:28:12'),
(122, 37, 5, '2024-02-06 05:28:12', '2024-02-06 05:28:12'),
(123, 38, 1, '2024-02-06 05:28:12', '2024-02-06 05:28:12'),
(124, 38, 4, '2024-02-06 05:28:12', '2024-02-06 05:28:12'),
(125, 38, 5, '2024-02-06 05:28:12', '2024-02-06 05:28:12'),
(126, 39, 2, '2024-02-06 05:28:12', '2024-02-06 05:28:12'),
(127, 39, 4, '2024-02-06 05:28:12', '2024-02-06 05:28:12'),
(128, 39, 5, '2024-02-06 05:28:12', '2024-02-06 05:28:12'),
(129, 40, 1, '2024-02-06 05:28:12', '2024-02-06 05:28:12'),
(130, 40, 3, '2024-02-06 05:28:12', '2024-02-06 05:28:12'),
(131, 40, 5, '2024-02-06 05:28:12', '2024-02-06 05:28:12'),
(132, 41, 2, '2024-02-06 05:28:12', '2024-02-06 05:28:12'),
(133, 41, 3, '2024-02-06 05:28:12', '2024-02-06 05:28:12'),
(134, 41, 5, '2024-02-06 05:28:12', '2024-02-06 05:28:12'),
(135, 42, 1, '2024-02-06 05:28:12', '2024-02-06 05:28:12'),
(136, 42, 3, '2024-02-06 05:28:12', '2024-02-06 05:28:12'),
(137, 42, 5, '2024-02-06 05:28:12', '2024-02-06 05:28:12'),
(138, 43, 2, '2024-02-06 05:28:12', '2024-02-06 05:28:12'),
(139, 43, 4, '2024-02-06 05:28:12', '2024-02-06 05:28:12'),
(140, 43, 5, '2024-02-06 05:28:12', '2024-02-06 05:28:12'),
(141, 44, 1, '2024-02-06 05:28:12', '2024-02-06 05:28:12'),
(142, 44, 3, '2024-02-06 05:28:12', '2024-02-06 05:28:12'),
(143, 44, 5, '2024-02-06 05:28:12', '2024-02-06 05:28:12'),
(144, 45, 2, '2024-02-06 05:28:12', '2024-02-06 05:28:12'),
(145, 45, 4, '2024-02-06 05:28:12', '2024-02-06 05:28:12'),
(146, 45, 5, '2024-02-06 05:28:12', '2024-02-06 05:28:12'),
(147, 46, 1, '2024-02-06 05:28:12', '2024-02-06 05:28:12'),
(148, 46, 3, '2024-02-06 05:28:12', '2024-02-06 05:28:12'),
(149, 46, 5, '2024-02-06 05:28:12', '2024-02-06 05:28:12'),
(150, 47, 2, '2024-02-06 05:28:12', '2024-02-06 05:28:12'),
(151, 47, 3, '2024-02-06 05:28:12', '2024-02-06 05:28:12'),
(152, 47, 5, '2024-02-06 05:28:12', '2024-02-06 05:28:12'),
(153, 48, 1, '2024-02-06 05:28:12', '2024-02-06 05:28:12'),
(154, 48, 3, '2024-02-06 05:28:12', '2024-02-06 05:28:12'),
(155, 48, 5, '2024-02-06 05:28:12', '2024-02-06 05:28:12'),
(156, 49, 2, '2024-02-06 05:28:12', '2024-02-06 05:28:12'),
(157, 49, 3, '2024-02-06 05:28:12', '2024-02-06 05:28:12'),
(158, 49, 5, '2024-02-06 05:28:12', '2024-02-06 05:28:12'),
(159, 50, 1, '2024-02-06 05:28:12', '2024-02-06 05:28:12'),
(160, 50, 3, '2024-02-06 05:28:12', '2024-02-06 05:28:12'),
(161, 50, 5, '2024-02-06 05:28:12', '2024-02-06 05:28:12'),
(162, 51, 2, '2024-02-06 05:28:12', '2024-02-06 05:28:12'),
(163, 51, 3, '2024-02-06 05:28:12', '2024-02-06 05:28:12'),
(164, 51, 5, '2024-02-06 05:28:12', '2024-02-06 05:28:12'),
(165, 52, 1, '2024-02-06 05:28:12', '2024-02-06 05:28:12'),
(166, 52, 3, '2024-02-06 05:28:12', '2024-02-06 05:28:12'),
(167, 52, 5, '2024-02-06 05:28:12', '2024-02-06 05:28:12'),
(168, 53, 2, '2024-02-06 05:28:12', '2024-02-06 05:28:12'),
(169, 53, 4, '2024-02-06 05:28:12', '2024-02-06 05:28:12'),
(170, 53, 5, '2024-02-06 05:28:12', '2024-02-06 05:28:12'),
(171, 54, 1, '2024-02-06 05:28:12', '2024-02-06 05:28:12'),
(172, 54, 2, '2024-02-06 05:28:12', '2024-02-06 05:28:12'),
(173, 54, 3, '2024-02-06 05:28:12', '2024-02-06 05:28:12');

-- --------------------------------------------------------

--
-- Table structure for table `sports`
--

DROP TABLE IF EXISTS `sports`;
CREATE TABLE IF NOT EXISTS `sports` (
  `id` int NOT NULL AUTO_INCREMENT,
  `name` varchar(50) NOT NULL,
  `created_at` datetime NOT NULL,
  `updated_at` datetime NOT NULL,
  PRIMARY KEY (`id`)
) ENGINE=MyISAM AUTO_INCREMENT=6 DEFAULT CHARSET=utf8mb4 COLLATE=utf8mb4_0900_ai_ci;

--
-- Dumping data for table `sports`
--

INSERT INTO `sports` (`id`, `name`, `created_at`, `updated_at`) VALUES
(1, 'Basketball', '2024-02-05 21:04:11', '2024-02-05 21:04:11'),
(2, 'Volleyball', '2024-02-05 21:04:11', '2024-02-05 21:04:11'),
(3, 'Baseball', '2024-02-05 21:04:58', '2024-02-05 21:04:58'),
(4, 'Soccer', '2024-02-05 21:04:58', '2024-02-05 21:04:58'),
(5, 'Football', '2024-02-05 21:05:15', '2024-02-05 21:05:15');
COMMIT;

/*!40101 SET CHARACTER_SET_CLIENT=@OLD_CHARACTER_SET_CLIENT */;
/*!40101 SET CHARACTER_SET_RESULTS=@OLD_CHARACTER_SET_RESULTS */;
/*!40101 SET COLLATION_CONNECTION=@OLD_COLLATION_CONNECTION */;
